{"cameraMode":{"drawMode":0,"name":"Shaded","section":"Shading Mode"},"sceneLighting":false,"audioPlay":false,"sceneViewState":{"showFog":false,"showMaterialUpdate":false,"showSkybox":false,"showFlares":false,"showImageEffects":false,"showParticleSystems":false,"showVisualEffectGraphs":true,"m_FxEnabled":true},"in2DMode":false,"pivot":{"x":0.00028884410858154297,"y":0.7777107954025269,"z":-0.04062940180301666},"rotation":{"x":0.10126134753227234,"y":0.8693453669548035,"z":-0.19916068017482758,"w":0.4409688115119934},"size":1.0140013694763184,"orthographic":false}